id,first_name,middle_name,last_name,dob
1,Harriet,Jimmy,Rickards,6/29/1956
2,Corena,Holt,Clarson,8/8/1982
3,Brunhilda,Brandy,Tyrie,9/23/1953
4,Hew,Evelin,Stiffkins,11/26/1971
5,Kerwinn,Brandon,Eade,1/22/1987
6,Conan,Nanine,Clitherow,6/13/1991
7,Rana,Odo,Bridgett,11/10/1977
8,Hermy,Sheryl,Furtado,2/9/1971
9,Tye,Eolande,Wilkison,5/31/1974
10,Cory,Conrade,Clingoe,8/24/1951
11,Dolley,Aindrea,Dykas,9/5/1951
12,Saunderson,Caty,Pudan,1/31/1985
13,Kippie,Rosco,Darleston,7/10/1955
14,Emilio,Bronnie,Iannazzi,10/1/2000
15,Storm,Herschel,Dannell,3/3/1994
16,Shanon,Guinevere,Southernwood,1/14/1966
17,Darby,Natala,Gerbel,10/5/1999
18,Shirlee,Sherman,Kemme,7/20/1992
19,Alister,Yasmeen,Leyfield,5/24/1958
20,Lisle,Ludovika,Pelosi,6/10/2001
